fasta_file	fasta_path	mag_id_short
ERX1114176.37.fa.dc.faa	/home/dmitrii/projects/gv_project/initial_raw/final_bins_prot/ERX1114176.37.fa.dc.faa	ERX1114176.37
ERX250271.266.fa.dc.faa	/home/dmitrii/projects/gv_project/initial_raw/final_bins_prot/ERX250271.266.fa.dc.faa	ERX250271.266
ERX288947.1.fa.dc.faa	/home/dmitrii/projects/gv_project/initial_raw/final_bins_prot/ERX288947.1.fa.dc.faa	ERX288947.1
ERX288947.11.fa.dc.faa	/home/dmitrii/projects/gv_project/initial_raw/final_bins_prot/ERX288947.11.fa.dc.faa	ERX288947.11
ERX288947.23.fa.dc.faa	/home/dmitrii/projects/gv_project/initial_raw/final_bins_prot/ERX288947.23.fa.dc.faa	ERX288947.23
ERX288947.59.fa.dc.faa	/home/dmitrii/projects/gv_project/initial_raw/final_bins_prot/ERX288947.59.fa.dc.faa	ERX288947.59
ERX288947.60.fa.dc.faa	/home/dmitrii/projects/gv_project/initial_raw/final_bins_prot/ERX288947.60.fa.dc.faa	ERX288947.60
ERX288965.16.fa.dc.faa	/home/dmitrii/projects/gv_project/initial_raw/final_bins_prot/ERX288965.16.fa.dc.faa	ERX288965.16
ERX288973.1.fa.dc.faa	/home/dmitrii/projects/gv_project/initial_raw/final_bins_prot/ERX288973.1.fa.dc.faa	ERX288973.1
ERX288975.8.fa.dc.faa	/home/dmitrii/projects/gv_project/initial_raw/final_bins_prot/ERX288975.8.fa.dc.faa	ERX288975.8
ERX289004.48.fa.dc.faa	/home/dmitrii/projects/gv_project/initial_raw/final_bins_prot/ERX289004.48.fa.dc.faa	ERX289004.48
ERX289005.28.fa.dc.faa	/home/dmitrii/projects/gv_project/initial_raw/final_bins_prot/ERX289005.28.fa.dc.faa	ERX289005.28
ERX289005.60.fa.dc.faa	/home/dmitrii/projects/gv_project/initial_raw/final_bins_prot/ERX289005.60.fa.dc.faa	ERX289005.60
ERX552239.25.fa.dc.faa	/home/dmitrii/projects/gv_project/initial_raw/final_bins_prot/ERX552239.25.fa.dc.faa	ERX552239.25
ERX552241.31.fa.dc.faa	/home/dmitrii/projects/gv_project/initial_raw/final_bins_prot/ERX552241.31.fa.dc.faa	ERX552241.31
ERX552243.80.fa.dc.faa	/home/dmitrii/projects/gv_project/initial_raw/final_bins_prot/ERX552243.80.fa.dc.faa	ERX552243.80
ERX552243.92.fa.dc.faa	/home/dmitrii/projects/gv_project/initial_raw/final_bins_prot/ERX552243.92.fa.dc.faa	ERX552243.92
ERX552244.11.fa.dc.faa	/home/dmitrii/projects/gv_project/initial_raw/final_bins_prot/ERX552244.11.fa.dc.faa	ERX552244.11
ERX552244.17.fa.dc.faa	/home/dmitrii/projects/gv_project/initial_raw/final_bins_prot/ERX552244.17.fa.dc.faa	ERX552244.17
ERX552244.21.fa.dc.faa	/home/dmitrii/projects/gv_project/initial_raw/final_bins_prot/ERX552244.21.fa.dc.faa	ERX552244.21
ERX552244.9.fa.dc.faa	/home/dmitrii/projects/gv_project/initial_raw/final_bins_prot/ERX552244.9.fa.dc.faa	ERX552244.9
ERX552246.27.fa.dc.faa	/home/dmitrii/projects/gv_project/initial_raw/final_bins_prot/ERX552246.27.fa.dc.faa	ERX552246.27
ERX552246.6.fa.dc.faa	/home/dmitrii/projects/gv_project/initial_raw/final_bins_prot/ERX552246.6.fa.dc.faa	ERX552246.6
ERX552252.1.fa.dc.faa	/home/dmitrii/projects/gv_project/initial_raw/final_bins_prot/ERX552252.1.fa.dc.faa	ERX552252.1
ERX552252.26.fa.dc.faa	/home/dmitrii/projects/gv_project/initial_raw/final_bins_prot/ERX552252.26.fa.dc.faa	ERX552252.26
ERX552252.36.fa.dc.faa	/home/dmitrii/projects/gv_project/initial_raw/final_bins_prot/ERX552252.36.fa.dc.faa	ERX552252.36
ERX552252.37.fa.dc.faa	/home/dmitrii/projects/gv_project/initial_raw/final_bins_prot/ERX552252.37.fa.dc.faa	ERX552252.37
ERX552252.49.fa.dc.faa	/home/dmitrii/projects/gv_project/initial_raw/final_bins_prot/ERX552252.49.fa.dc.faa	ERX552252.49
ERX552252.57.fa.dc.faa	/home/dmitrii/projects/gv_project/initial_raw/final_bins_prot/ERX552252.57.fa.dc.faa	ERX552252.57
ERX552252.6.fa.dc.faa	/home/dmitrii/projects/gv_project/initial_raw/final_bins_prot/ERX552252.6.fa.dc.faa	ERX552252.6
ERX552253.3.fa.dc.faa	/home/dmitrii/projects/gv_project/initial_raw/final_bins_prot/ERX552253.3.fa.dc.faa	ERX552253.3
ERX552253.37.fa.dc.faa	/home/dmitrii/projects/gv_project/initial_raw/final_bins_prot/ERX552253.37.fa.dc.faa	ERX552253.37
ERX552253.44.fa.dc.faa	/home/dmitrii/projects/gv_project/initial_raw/final_bins_prot/ERX552253.44.fa.dc.faa	ERX552253.44
ERX552254.13.fa.dc.faa	/home/dmitrii/projects/gv_project/initial_raw/final_bins_prot/ERX552254.13.fa.dc.faa	ERX552254.13
ERX552254.32.fa.dc.faa	/home/dmitrii/projects/gv_project/initial_raw/final_bins_prot/ERX552254.32.fa.dc.faa	ERX552254.32
ERX552254.5.fa.dc.faa	/home/dmitrii/projects/gv_project/initial_raw/final_bins_prot/ERX552254.5.fa.dc.faa	ERX552254.5
ERX552255.28.fa.dc.faa	/home/dmitrii/projects/gv_project/initial_raw/final_bins_prot/ERX552255.28.fa.dc.faa	ERX552255.28
ERX552255.49.fa.dc.faa	/home/dmitrii/projects/gv_project/initial_raw/final_bins_prot/ERX552255.49.fa.dc.faa	ERX552255.49
ERX552255.53.fa.dc.faa	/home/dmitrii/projects/gv_project/initial_raw/final_bins_prot/ERX552255.53.fa.dc.faa	ERX552255.53
ERX552255.59.fa.dc.faa	/home/dmitrii/projects/gv_project/initial_raw/final_bins_prot/ERX552255.59.fa.dc.faa	ERX552255.59
ERX552255.64.fa.dc.faa	/home/dmitrii/projects/gv_project/initial_raw/final_bins_prot/ERX552255.64.fa.dc.faa	ERX552255.64
ERX552255.7.fa.dc.faa	/home/dmitrii/projects/gv_project/initial_raw/final_bins_prot/ERX552255.7.fa.dc.faa	ERX552255.7
ERX552256.4.fa.dc.faa	/home/dmitrii/projects/gv_project/initial_raw/final_bins_prot/ERX552256.4.fa.dc.faa	ERX552256.4
ERX552256.53.fa.dc.faa	/home/dmitrii/projects/gv_project/initial_raw/final_bins_prot/ERX552256.53.fa.dc.faa	ERX552256.53
ERX552256.7.fa.dc.faa	/home/dmitrii/projects/gv_project/initial_raw/final_bins_prot/ERX552256.7.fa.dc.faa	ERX552256.7
ERX552256.88.fa.dc.faa	/home/dmitrii/projects/gv_project/initial_raw/final_bins_prot/ERX552256.88.fa.dc.faa	ERX552256.88
ERX552257.75.fa.dc.faa	/home/dmitrii/projects/gv_project/initial_raw/final_bins_prot/ERX552257.75.fa.dc.faa	ERX552257.75
ERX552257.96.fa.dc.faa	/home/dmitrii/projects/gv_project/initial_raw/final_bins_prot/ERX552257.96.fa.dc.faa	ERX552257.96
ERX552258.48.fa.dc.faa	/home/dmitrii/projects/gv_project/initial_raw/final_bins_prot/ERX552258.48.fa.dc.faa	ERX552258.48
ERX552261.23.fa.dc.faa	/home/dmitrii/projects/gv_project/initial_raw/final_bins_prot/ERX552261.23.fa.dc.faa	ERX552261.23
ERX552261.3.fa.dc.faa	/home/dmitrii/projects/gv_project/initial_raw/final_bins_prot/ERX552261.3.fa.dc.faa	ERX552261.3
ERX552261.31.fa.dc.faa	/home/dmitrii/projects/gv_project/initial_raw/final_bins_prot/ERX552261.31.fa.dc.faa	ERX552261.31
ERX552261.43.fa.dc.faa	/home/dmitrii/projects/gv_project/initial_raw/final_bins_prot/ERX552261.43.fa.dc.faa	ERX552261.43
ERX552261.44.fa.dc.faa	/home/dmitrii/projects/gv_project/initial_raw/final_bins_prot/ERX552261.44.fa.dc.faa	ERX552261.44
ERX552261.47.fa.dc.faa	/home/dmitrii/projects/gv_project/initial_raw/final_bins_prot/ERX552261.47.fa.dc.faa	ERX552261.47
ERX552261.5.fa.dc.faa	/home/dmitrii/projects/gv_project/initial_raw/final_bins_prot/ERX552261.5.fa.dc.faa	ERX552261.5
ERX552261.56.fa.dc.faa	/home/dmitrii/projects/gv_project/initial_raw/final_bins_prot/ERX552261.56.fa.dc.faa	ERX552261.56
ERX552264.38.fa.dc.faa	/home/dmitrii/projects/gv_project/initial_raw/final_bins_prot/ERX552264.38.fa.dc.faa	ERX552264.38
ERX552264.42.fa.dc.faa	/home/dmitrii/projects/gv_project/initial_raw/final_bins_prot/ERX552264.42.fa.dc.faa	ERX552264.42
ERX552270.10.fa.dc.faa	/home/dmitrii/projects/gv_project/initial_raw/final_bins_prot/ERX552270.10.fa.dc.faa	ERX552270.10
ERX552270.100.fa.dc.faa	/home/dmitrii/projects/gv_project/initial_raw/final_bins_prot/ERX552270.100.fa.dc.faa	ERX552270.100
ERX552270.106.fa.dc.faa	/home/dmitrii/projects/gv_project/initial_raw/final_bins_prot/ERX552270.106.fa.dc.faa	ERX552270.106
ERX552270.107.fa.dc.faa	/home/dmitrii/projects/gv_project/initial_raw/final_bins_prot/ERX552270.107.fa.dc.faa	ERX552270.107
ERX552270.108.fa.dc.faa	/home/dmitrii/projects/gv_project/initial_raw/final_bins_prot/ERX552270.108.fa.dc.faa	ERX552270.108
ERX552270.110.fa.dc.faa	/home/dmitrii/projects/gv_project/initial_raw/final_bins_prot/ERX552270.110.fa.dc.faa	ERX552270.110
ERX552270.114.fa.dc.faa	/home/dmitrii/projects/gv_project/initial_raw/final_bins_prot/ERX552270.114.fa.dc.faa	ERX552270.114
ERX552270.116.fa.dc.faa	/home/dmitrii/projects/gv_project/initial_raw/final_bins_prot/ERX552270.116.fa.dc.faa	ERX552270.116
ERX552270.117.fa.dc.faa	/home/dmitrii/projects/gv_project/initial_raw/final_bins_prot/ERX552270.117.fa.dc.faa	ERX552270.117
ERX552270.119.fa.dc.faa	/home/dmitrii/projects/gv_project/initial_raw/final_bins_prot/ERX552270.119.fa.dc.faa	ERX552270.119
ERX552270.122.fa.dc.faa	/home/dmitrii/projects/gv_project/initial_raw/final_bins_prot/ERX552270.122.fa.dc.faa	ERX552270.122
ERX552270.16.fa.dc.faa	/home/dmitrii/projects/gv_project/initial_raw/final_bins_prot/ERX552270.16.fa.dc.faa	ERX552270.16
ERX552270.24.fa.dc.faa	/home/dmitrii/projects/gv_project/initial_raw/final_bins_prot/ERX552270.24.fa.dc.faa	ERX552270.24
ERX552270.27.fa.dc.faa	/home/dmitrii/projects/gv_project/initial_raw/final_bins_prot/ERX552270.27.fa.dc.faa	ERX552270.27
ERX552270.35.fa.dc.faa	/home/dmitrii/projects/gv_project/initial_raw/final_bins_prot/ERX552270.35.fa.dc.faa	ERX552270.35
ERX552270.36.fa.dc.faa	/home/dmitrii/projects/gv_project/initial_raw/final_bins_prot/ERX552270.36.fa.dc.faa	ERX552270.36
ERX552270.38.fa.dc.faa	/home/dmitrii/projects/gv_project/initial_raw/final_bins_prot/ERX552270.38.fa.dc.faa	ERX552270.38
ERX552270.42.fa.dc.faa	/home/dmitrii/projects/gv_project/initial_raw/final_bins_prot/ERX552270.42.fa.dc.faa	ERX552270.42
ERX552270.50.fa.dc.faa	/home/dmitrii/projects/gv_project/initial_raw/final_bins_prot/ERX552270.50.fa.dc.faa	ERX552270.50
ERX552270.51.fa.dc.faa	/home/dmitrii/projects/gv_project/initial_raw/final_bins_prot/ERX552270.51.fa.dc.faa	ERX552270.51
ERX552270.52.fa.dc.faa	/home/dmitrii/projects/gv_project/initial_raw/final_bins_prot/ERX552270.52.fa.dc.faa	ERX552270.52
ERX552270.55.fa.dc.faa	/home/dmitrii/projects/gv_project/initial_raw/final_bins_prot/ERX552270.55.fa.dc.faa	ERX552270.55
ERX552270.56.fa.dc.faa	/home/dmitrii/projects/gv_project/initial_raw/final_bins_prot/ERX552270.56.fa.dc.faa	ERX552270.56
ERX552270.61.fa.dc.faa	/home/dmitrii/projects/gv_project/initial_raw/final_bins_prot/ERX552270.61.fa.dc.faa	ERX552270.61
ERX552270.62.fa.dc.faa	/home/dmitrii/projects/gv_project/initial_raw/final_bins_prot/ERX552270.62.fa.dc.faa	ERX552270.62
ERX552270.64.fa.dc.faa	/home/dmitrii/projects/gv_project/initial_raw/final_bins_prot/ERX552270.64.fa.dc.faa	ERX552270.64
ERX552270.65.fa.dc.faa	/home/dmitrii/projects/gv_project/initial_raw/final_bins_prot/ERX552270.65.fa.dc.faa	ERX552270.65
ERX552270.68.fa.dc.faa	/home/dmitrii/projects/gv_project/initial_raw/final_bins_prot/ERX552270.68.fa.dc.faa	ERX552270.68
ERX552270.7.fa.dc.faa	/home/dmitrii/projects/gv_project/initial_raw/final_bins_prot/ERX552270.7.fa.dc.faa	ERX552270.7
ERX552270.73.fa.dc.faa	/home/dmitrii/projects/gv_project/initial_raw/final_bins_prot/ERX552270.73.fa.dc.faa	ERX552270.73
ERX552270.74.fa.dc.faa	/home/dmitrii/projects/gv_project/initial_raw/final_bins_prot/ERX552270.74.fa.dc.faa	ERX552270.74
ERX552270.76.fa.dc.faa	/home/dmitrii/projects/gv_project/initial_raw/final_bins_prot/ERX552270.76.fa.dc.faa	ERX552270.76
ERX552270.8.fa.dc.faa	/home/dmitrii/projects/gv_project/initial_raw/final_bins_prot/ERX552270.8.fa.dc.faa	ERX552270.8
ERX552270.86.fa.dc.faa	/home/dmitrii/projects/gv_project/initial_raw/final_bins_prot/ERX552270.86.fa.dc.faa	ERX552270.86
ERX552270.87.fa.dc.faa	/home/dmitrii/projects/gv_project/initial_raw/final_bins_prot/ERX552270.87.fa.dc.faa	ERX552270.87
ERX552270.89.fa.dc.faa	/home/dmitrii/projects/gv_project/initial_raw/final_bins_prot/ERX552270.89.fa.dc.faa	ERX552270.89
ERX552270.94.fa.dc.faa	/home/dmitrii/projects/gv_project/initial_raw/final_bins_prot/ERX552270.94.fa.dc.faa	ERX552270.94
ERX552270.97.fa.dc.faa	/home/dmitrii/projects/gv_project/initial_raw/final_bins_prot/ERX552270.97.fa.dc.faa	ERX552270.97
ERX552274.21.fa.dc.faa	/home/dmitrii/projects/gv_project/initial_raw/final_bins_prot/ERX552274.21.fa.dc.faa	ERX552274.21
ERX552274.25.fa.dc.faa	/home/dmitrii/projects/gv_project/initial_raw/final_bins_prot/ERX552274.25.fa.dc.faa	ERX552274.25
ERX552274.3.fa.dc.faa	/home/dmitrii/projects/gv_project/initial_raw/final_bins_prot/ERX552274.3.fa.dc.faa	ERX552274.3
ERX552274.30.fa.dc.faa	/home/dmitrii/projects/gv_project/initial_raw/final_bins_prot/ERX552274.30.fa.dc.faa	ERX552274.30
ERX552274.5.fa.dc.faa	/home/dmitrii/projects/gv_project/initial_raw/final_bins_prot/ERX552274.5.fa.dc.faa	ERX552274.5
ERX552274.7.fa.dc.faa	/home/dmitrii/projects/gv_project/initial_raw/final_bins_prot/ERX552274.7.fa.dc.faa	ERX552274.7
ERX552274.9.fa.dc.faa	/home/dmitrii/projects/gv_project/initial_raw/final_bins_prot/ERX552274.9.fa.dc.faa	ERX552274.9
ERX552277.13.fa.dc.faa	/home/dmitrii/projects/gv_project/initial_raw/final_bins_prot/ERX552277.13.fa.dc.faa	ERX552277.13
ERX552277.41.fa.dc.faa	/home/dmitrii/projects/gv_project/initial_raw/final_bins_prot/ERX552277.41.fa.dc.faa	ERX552277.41
ERX552277.6.fa.dc.faa	/home/dmitrii/projects/gv_project/initial_raw/final_bins_prot/ERX552277.6.fa.dc.faa	ERX552277.6
ERX552279.2.fa.dc.faa	/home/dmitrii/projects/gv_project/initial_raw/final_bins_prot/ERX552279.2.fa.dc.faa	ERX552279.2
ERX552280.25.fa.dc.faa	/home/dmitrii/projects/gv_project/initial_raw/final_bins_prot/ERX552280.25.fa.dc.faa	ERX552280.25
ERX552282.42.fa.dc.faa	/home/dmitrii/projects/gv_project/initial_raw/final_bins_prot/ERX552282.42.fa.dc.faa	ERX552282.42
ERX552283.11.fa.dc.faa	/home/dmitrii/projects/gv_project/initial_raw/final_bins_prot/ERX552283.11.fa.dc.faa	ERX552283.11
ERX552283.12.fa.dc.faa	/home/dmitrii/projects/gv_project/initial_raw/final_bins_prot/ERX552283.12.fa.dc.faa	ERX552283.12
ERX552283.13.fa.dc.faa	/home/dmitrii/projects/gv_project/initial_raw/final_bins_prot/ERX552283.13.fa.dc.faa	ERX552283.13
ERX552283.5.fa.dc.faa	/home/dmitrii/projects/gv_project/initial_raw/final_bins_prot/ERX552283.5.fa.dc.faa	ERX552283.5
ERX552283.9.fa.dc.faa	/home/dmitrii/projects/gv_project/initial_raw/final_bins_prot/ERX552283.9.fa.dc.faa	ERX552283.9
ERX552285.69.fa.dc.faa	/home/dmitrii/projects/gv_project/initial_raw/final_bins_prot/ERX552285.69.fa.dc.faa	ERX552285.69
ERX552287.77.fa.dc.faa	/home/dmitrii/projects/gv_project/initial_raw/final_bins_prot/ERX552287.77.fa.dc.faa	ERX552287.77
ERX552287.8.fa.dc.faa	/home/dmitrii/projects/gv_project/initial_raw/final_bins_prot/ERX552287.8.fa.dc.faa	ERX552287.8
ERX552288.111.fa.dc.faa	/home/dmitrii/projects/gv_project/initial_raw/final_bins_prot/ERX552288.111.fa.dc.faa	ERX552288.111
ERX552288.39.fa.dc.faa	/home/dmitrii/projects/gv_project/initial_raw/final_bins_prot/ERX552288.39.fa.dc.faa	ERX552288.39
ERX552288.49.fa.dc.faa	/home/dmitrii/projects/gv_project/initial_raw/final_bins_prot/ERX552288.49.fa.dc.faa	ERX552288.49
ERX552288.95.fa.dc.faa	/home/dmitrii/projects/gv_project/initial_raw/final_bins_prot/ERX552288.95.fa.dc.faa	ERX552288.95
ERX552290.18.fa.dc.faa	/home/dmitrii/projects/gv_project/initial_raw/final_bins_prot/ERX552290.18.fa.dc.faa	ERX552290.18
ERX552292.53.fa.dc.faa	/home/dmitrii/projects/gv_project/initial_raw/final_bins_prot/ERX552292.53.fa.dc.faa	ERX552292.53
ERX552295.44.fa.dc.faa	/home/dmitrii/projects/gv_project/initial_raw/final_bins_prot/ERX552295.44.fa.dc.faa	ERX552295.44
ERX552296.13.fa.dc.faa	/home/dmitrii/projects/gv_project/initial_raw/final_bins_prot/ERX552296.13.fa.dc.faa	ERX552296.13
ERX552296.3.fa.dc.faa	/home/dmitrii/projects/gv_project/initial_raw/final_bins_prot/ERX552296.3.fa.dc.faa	ERX552296.3
ERX552296.31.fa.dc.faa	/home/dmitrii/projects/gv_project/initial_raw/final_bins_prot/ERX552296.31.fa.dc.faa	ERX552296.31
ERX552296.34.fa.dc.faa	/home/dmitrii/projects/gv_project/initial_raw/final_bins_prot/ERX552296.34.fa.dc.faa	ERX552296.34
ERX552296.45.fa.dc.faa	/home/dmitrii/projects/gv_project/initial_raw/final_bins_prot/ERX552296.45.fa.dc.faa	ERX552296.45
ERX552296.8.fa.dc.faa	/home/dmitrii/projects/gv_project/initial_raw/final_bins_prot/ERX552296.8.fa.dc.faa	ERX552296.8
ERX552297.51.fa.dc.faa	/home/dmitrii/projects/gv_project/initial_raw/final_bins_prot/ERX552297.51.fa.dc.faa	ERX552297.51
ERX552297.60.fa.dc.faa	/home/dmitrii/projects/gv_project/initial_raw/final_bins_prot/ERX552297.60.fa.dc.faa	ERX552297.60
ERX552297.74.fa.dc.faa	/home/dmitrii/projects/gv_project/initial_raw/final_bins_prot/ERX552297.74.fa.dc.faa	ERX552297.74
ERX552297.80.fa.dc.faa	/home/dmitrii/projects/gv_project/initial_raw/final_bins_prot/ERX552297.80.fa.dc.faa	ERX552297.80
ERX552298.2.fa.dc.faa	/home/dmitrii/projects/gv_project/initial_raw/final_bins_prot/ERX552298.2.fa.dc.faa	ERX552298.2
ERX552298.27.fa.dc.faa	/home/dmitrii/projects/gv_project/initial_raw/final_bins_prot/ERX552298.27.fa.dc.faa	ERX552298.27
ERX552299.29.fa.dc.faa	/home/dmitrii/projects/gv_project/initial_raw/final_bins_prot/ERX552299.29.fa.dc.faa	ERX552299.29
ERX552300.47.fa.dc.faa	/home/dmitrii/projects/gv_project/initial_raw/final_bins_prot/ERX552300.47.fa.dc.faa	ERX552300.47
ERX552300.8.fa.dc.faa	/home/dmitrii/projects/gv_project/initial_raw/final_bins_prot/ERX552300.8.fa.dc.faa	ERX552300.8
ERX552302.1.fa.dc.faa	/home/dmitrii/projects/gv_project/initial_raw/final_bins_prot/ERX552302.1.fa.dc.faa	ERX552302.1
ERX552302.17.fa.dc.faa	/home/dmitrii/projects/gv_project/initial_raw/final_bins_prot/ERX552302.17.fa.dc.faa	ERX552302.17
ERX552302.18.fa.dc.faa	/home/dmitrii/projects/gv_project/initial_raw/final_bins_prot/ERX552302.18.fa.dc.faa	ERX552302.18
ERX552302.24.fa.dc.faa	/home/dmitrii/projects/gv_project/initial_raw/final_bins_prot/ERX552302.24.fa.dc.faa	ERX552302.24
ERX552302.25.fa.dc.faa	/home/dmitrii/projects/gv_project/initial_raw/final_bins_prot/ERX552302.25.fa.dc.faa	ERX552302.25
ERX552302.38.fa.dc.faa	/home/dmitrii/projects/gv_project/initial_raw/final_bins_prot/ERX552302.38.fa.dc.faa	ERX552302.38
ERX552302.42.fa.dc.faa	/home/dmitrii/projects/gv_project/initial_raw/final_bins_prot/ERX552302.42.fa.dc.faa	ERX552302.42
ERX552302.45.fa.dc.faa	/home/dmitrii/projects/gv_project/initial_raw/final_bins_prot/ERX552302.45.fa.dc.faa	ERX552302.45
ERX552302.47.fa.dc.faa	/home/dmitrii/projects/gv_project/initial_raw/final_bins_prot/ERX552302.47.fa.dc.faa	ERX552302.47
ERX552309.9.fa.dc.faa	/home/dmitrii/projects/gv_project/initial_raw/final_bins_prot/ERX552309.9.fa.dc.faa	ERX552309.9
ERX552326.9.fa.dc.faa	/home/dmitrii/projects/gv_project/initial_raw/final_bins_prot/ERX552326.9.fa.dc.faa	ERX552326.9
ERX552333.20.fa.dc.faa	/home/dmitrii/projects/gv_project/initial_raw/final_bins_prot/ERX552333.20.fa.dc.faa	ERX552333.20
ERX552336.20.fa.dc.faa	/home/dmitrii/projects/gv_project/initial_raw/final_bins_prot/ERX552336.20.fa.dc.faa	ERX552336.20
ERX552336.34.fa.dc.faa	/home/dmitrii/projects/gv_project/initial_raw/final_bins_prot/ERX552336.34.fa.dc.faa	ERX552336.34
ERX552348.26.fa.dc.faa	/home/dmitrii/projects/gv_project/initial_raw/final_bins_prot/ERX552348.26.fa.dc.faa	ERX552348.26
ERX552357.22.fa.dc.faa	/home/dmitrii/projects/gv_project/initial_raw/final_bins_prot/ERX552357.22.fa.dc.faa	ERX552357.22
ERX555907.104.fa.dc.faa	/home/dmitrii/projects/gv_project/initial_raw/final_bins_prot/ERX555907.104.fa.dc.faa	ERX555907.104
ERX555907.107.fa.dc.faa	/home/dmitrii/projects/gv_project/initial_raw/final_bins_prot/ERX555907.107.fa.dc.faa	ERX555907.107
ERX555907.15.fa.dc.faa	/home/dmitrii/projects/gv_project/initial_raw/final_bins_prot/ERX555907.15.fa.dc.faa	ERX555907.15
ERX555907.31.fa.dc.faa	/home/dmitrii/projects/gv_project/initial_raw/final_bins_prot/ERX555907.31.fa.dc.faa	ERX555907.31
ERX555907.40.fa.dc.faa	/home/dmitrii/projects/gv_project/initial_raw/final_bins_prot/ERX555907.40.fa.dc.faa	ERX555907.40
ERX555907.43.fa.dc.faa	/home/dmitrii/projects/gv_project/initial_raw/final_bins_prot/ERX555907.43.fa.dc.faa	ERX555907.43
ERX555907.45.fa.dc.faa	/home/dmitrii/projects/gv_project/initial_raw/final_bins_prot/ERX555907.45.fa.dc.faa	ERX555907.45
ERX555907.46.fa.dc.faa	/home/dmitrii/projects/gv_project/initial_raw/final_bins_prot/ERX555907.46.fa.dc.faa	ERX555907.46
ERX555907.48.fa.dc.faa	/home/dmitrii/projects/gv_project/initial_raw/final_bins_prot/ERX555907.48.fa.dc.faa	ERX555907.48
ERX555907.69.fa.dc.faa	/home/dmitrii/projects/gv_project/initial_raw/final_bins_prot/ERX555907.69.fa.dc.faa	ERX555907.69
ERX555907.72.fa.dc.faa	/home/dmitrii/projects/gv_project/initial_raw/final_bins_prot/ERX555907.72.fa.dc.faa	ERX555907.72
ERX555907.87.fa.dc.faa	/home/dmitrii/projects/gv_project/initial_raw/final_bins_prot/ERX555907.87.fa.dc.faa	ERX555907.87
ERX555907.89.fa.dc.faa	/home/dmitrii/projects/gv_project/initial_raw/final_bins_prot/ERX555907.89.fa.dc.faa	ERX555907.89
ERX555907.98.fa.dc.faa	/home/dmitrii/projects/gv_project/initial_raw/final_bins_prot/ERX555907.98.fa.dc.faa	ERX555907.98
ERX555913.32.fa.dc.faa	/home/dmitrii/projects/gv_project/initial_raw/final_bins_prot/ERX555913.32.fa.dc.faa	ERX555913.32
ERX555913.35.fa.dc.faa	/home/dmitrii/projects/gv_project/initial_raw/final_bins_prot/ERX555913.35.fa.dc.faa	ERX555913.35
ERX555913.6.fa.dc.faa	/home/dmitrii/projects/gv_project/initial_raw/final_bins_prot/ERX555913.6.fa.dc.faa	ERX555913.6
ERX555913.65.fa.dc.faa	/home/dmitrii/projects/gv_project/initial_raw/final_bins_prot/ERX555913.65.fa.dc.faa	ERX555913.65
ERX555915.1.fa.dc.faa	/home/dmitrii/projects/gv_project/initial_raw/final_bins_prot/ERX555915.1.fa.dc.faa	ERX555915.1
ERX555917.28.fa.dc.faa	/home/dmitrii/projects/gv_project/initial_raw/final_bins_prot/ERX555917.28.fa.dc.faa	ERX555917.28
ERX555917.66.fa.dc.faa	/home/dmitrii/projects/gv_project/initial_raw/final_bins_prot/ERX555917.66.fa.dc.faa	ERX555917.66
ERX555919.35.fa.dc.faa	/home/dmitrii/projects/gv_project/initial_raw/final_bins_prot/ERX555919.35.fa.dc.faa	ERX555919.35
ERX555926.27.fa.dc.faa	/home/dmitrii/projects/gv_project/initial_raw/final_bins_prot/ERX555926.27.fa.dc.faa	ERX555926.27
ERX555926.32.fa.dc.faa	/home/dmitrii/projects/gv_project/initial_raw/final_bins_prot/ERX555926.32.fa.dc.faa	ERX555926.32
ERX555926.39.fa.dc.faa	/home/dmitrii/projects/gv_project/initial_raw/final_bins_prot/ERX555926.39.fa.dc.faa	ERX555926.39
ERX555927.41.fa.dc.faa	/home/dmitrii/projects/gv_project/initial_raw/final_bins_prot/ERX555927.41.fa.dc.faa	ERX555927.41
ERX555927.8.fa.dc.faa	/home/dmitrii/projects/gv_project/initial_raw/final_bins_prot/ERX555927.8.fa.dc.faa	ERX555927.8
ERX555931.15.fa.dc.faa	/home/dmitrii/projects/gv_project/initial_raw/final_bins_prot/ERX555931.15.fa.dc.faa	ERX555931.15
ERX555931.51.fa.dc.faa	/home/dmitrii/projects/gv_project/initial_raw/final_bins_prot/ERX555931.51.fa.dc.faa	ERX555931.51
ERX555931.9.fa.dc.faa	/home/dmitrii/projects/gv_project/initial_raw/final_bins_prot/ERX555931.9.fa.dc.faa	ERX555931.9
ERX555933.22.fa.dc.faa	/home/dmitrii/projects/gv_project/initial_raw/final_bins_prot/ERX555933.22.fa.dc.faa	ERX555933.22
ERX555933.5.fa.dc.faa	/home/dmitrii/projects/gv_project/initial_raw/final_bins_prot/ERX555933.5.fa.dc.faa	ERX555933.5
ERX555933.51.fa.dc.faa	/home/dmitrii/projects/gv_project/initial_raw/final_bins_prot/ERX555933.51.fa.dc.faa	ERX555933.51
ERX555935.132.fa.dc.faa	/home/dmitrii/projects/gv_project/initial_raw/final_bins_prot/ERX555935.132.fa.dc.faa	ERX555935.132
ERX555935.160.fa.dc.faa	/home/dmitrii/projects/gv_project/initial_raw/final_bins_prot/ERX555935.160.fa.dc.faa	ERX555935.160
ERX555935.69.fa.dc.faa	/home/dmitrii/projects/gv_project/initial_raw/final_bins_prot/ERX555935.69.fa.dc.faa	ERX555935.69
ERX555941.31.fa.dc.faa	/home/dmitrii/projects/gv_project/initial_raw/final_bins_prot/ERX555941.31.fa.dc.faa	ERX555941.31
ERX555943.12.fa.dc.faa	/home/dmitrii/projects/gv_project/initial_raw/final_bins_prot/ERX555943.12.fa.dc.faa	ERX555943.12
ERX555943.14.fa.dc.faa	/home/dmitrii/projects/gv_project/initial_raw/final_bins_prot/ERX555943.14.fa.dc.faa	ERX555943.14
ERX555943.9.fa.dc.faa	/home/dmitrii/projects/gv_project/initial_raw/final_bins_prot/ERX555943.9.fa.dc.faa	ERX555943.9
ERX555945.3.fa.dc.faa	/home/dmitrii/projects/gv_project/initial_raw/final_bins_prot/ERX555945.3.fa.dc.faa	ERX555945.3
ERX555947.21.fa.dc.faa	/home/dmitrii/projects/gv_project/initial_raw/final_bins_prot/ERX555947.21.fa.dc.faa	ERX555947.21
ERX555951.10.fa.dc.faa	/home/dmitrii/projects/gv_project/initial_raw/final_bins_prot/ERX555951.10.fa.dc.faa	ERX555951.10
ERX555951.15.fa.dc.faa	/home/dmitrii/projects/gv_project/initial_raw/final_bins_prot/ERX555951.15.fa.dc.faa	ERX555951.15
ERX555951.28.fa.dc.faa	/home/dmitrii/projects/gv_project/initial_raw/final_bins_prot/ERX555951.28.fa.dc.faa	ERX555951.28
ERX555952.65.fa.dc.faa	/home/dmitrii/projects/gv_project/initial_raw/final_bins_prot/ERX555952.65.fa.dc.faa	ERX555952.65
ERX555954.29.fa.dc.faa	/home/dmitrii/projects/gv_project/initial_raw/final_bins_prot/ERX555954.29.fa.dc.faa	ERX555954.29
ERX555954.49.fa.dc.faa	/home/dmitrii/projects/gv_project/initial_raw/final_bins_prot/ERX555954.49.fa.dc.faa	ERX555954.49
ERX555957.21.fa.dc.faa	/home/dmitrii/projects/gv_project/initial_raw/final_bins_prot/ERX555957.21.fa.dc.faa	ERX555957.21
ERX555958.13.fa.dc.faa	/home/dmitrii/projects/gv_project/initial_raw/final_bins_prot/ERX555958.13.fa.dc.faa	ERX555958.13
ERX555958.18.fa.dc.faa	/home/dmitrii/projects/gv_project/initial_raw/final_bins_prot/ERX555958.18.fa.dc.faa	ERX555958.18
ERX555958.4.fa.dc.faa	/home/dmitrii/projects/gv_project/initial_raw/final_bins_prot/ERX555958.4.fa.dc.faa	ERX555958.4
ERX555959.40.fa.dc.faa	/home/dmitrii/projects/gv_project/initial_raw/final_bins_prot/ERX555959.40.fa.dc.faa	ERX555959.40
ERX555961.17.fa.dc.faa	/home/dmitrii/projects/gv_project/initial_raw/final_bins_prot/ERX555961.17.fa.dc.faa	ERX555961.17
ERX555961.3.fa.dc.faa	/home/dmitrii/projects/gv_project/initial_raw/final_bins_prot/ERX555961.3.fa.dc.faa	ERX555961.3
ERX555961.42.fa.dc.faa	/home/dmitrii/projects/gv_project/initial_raw/final_bins_prot/ERX555961.42.fa.dc.faa	ERX555961.42
ERX555961.43.fa.dc.faa	/home/dmitrii/projects/gv_project/initial_raw/final_bins_prot/ERX555961.43.fa.dc.faa	ERX555961.43
ERX555961.47.fa.dc.faa	/home/dmitrii/projects/gv_project/initial_raw/final_bins_prot/ERX555961.47.fa.dc.faa	ERX555961.47
ERX555963.2.fa.dc.faa	/home/dmitrii/projects/gv_project/initial_raw/final_bins_prot/ERX555963.2.fa.dc.faa	ERX555963.2
ERX555963.29.fa.dc.faa	/home/dmitrii/projects/gv_project/initial_raw/final_bins_prot/ERX555963.29.fa.dc.faa	ERX555963.29
ERX555964.34.fa.dc.faa	/home/dmitrii/projects/gv_project/initial_raw/final_bins_prot/ERX555964.34.fa.dc.faa	ERX555964.34
ERX555965.10.fa.dc.faa	/home/dmitrii/projects/gv_project/initial_raw/final_bins_prot/ERX555965.10.fa.dc.faa	ERX555965.10
ERX555965.20.fa.dc.faa	/home/dmitrii/projects/gv_project/initial_raw/final_bins_prot/ERX555965.20.fa.dc.faa	ERX555965.20
ERX555965.48.fa.dc.faa	/home/dmitrii/projects/gv_project/initial_raw/final_bins_prot/ERX555965.48.fa.dc.faa	ERX555965.48
ERX555965.5.fa.dc.faa	/home/dmitrii/projects/gv_project/initial_raw/final_bins_prot/ERX555965.5.fa.dc.faa	ERX555965.5
ERX555965.52.fa.dc.faa	/home/dmitrii/projects/gv_project/initial_raw/final_bins_prot/ERX555965.52.fa.dc.faa	ERX555965.52
ERX555965.56.fa.dc.faa	/home/dmitrii/projects/gv_project/initial_raw/final_bins_prot/ERX555965.56.fa.dc.faa	ERX555965.56
ERX555965.60.fa.dc.faa	/home/dmitrii/projects/gv_project/initial_raw/final_bins_prot/ERX555965.60.fa.dc.faa	ERX555965.60
ERX555967.107.fa.dc.faa	/home/dmitrii/projects/gv_project/initial_raw/final_bins_prot/ERX555967.107.fa.dc.faa	ERX555967.107
ERX555967.111.fa.dc.faa	/home/dmitrii/projects/gv_project/initial_raw/final_bins_prot/ERX555967.111.fa.dc.faa	ERX555967.111
ERX555967.26.fa.dc.faa	/home/dmitrii/projects/gv_project/initial_raw/final_bins_prot/ERX555967.26.fa.dc.faa	ERX555967.26
ERX555967.32.fa.dc.faa	/home/dmitrii/projects/gv_project/initial_raw/final_bins_prot/ERX555967.32.fa.dc.faa	ERX555967.32
ERX555967.39.fa.dc.faa	/home/dmitrii/projects/gv_project/initial_raw/final_bins_prot/ERX555967.39.fa.dc.faa	ERX555967.39
ERX555967.47.fa.dc.faa	/home/dmitrii/projects/gv_project/initial_raw/final_bins_prot/ERX555967.47.fa.dc.faa	ERX555967.47
ERX555967.81.fa.dc.faa	/home/dmitrii/projects/gv_project/initial_raw/final_bins_prot/ERX555967.81.fa.dc.faa	ERX555967.81
ERX555967.90.fa.dc.faa	/home/dmitrii/projects/gv_project/initial_raw/final_bins_prot/ERX555967.90.fa.dc.faa	ERX555967.90
ERX555976.56.fa.dc.faa	/home/dmitrii/projects/gv_project/initial_raw/final_bins_prot/ERX555976.56.fa.dc.faa	ERX555976.56
ERX555976.71.fa.dc.faa	/home/dmitrii/projects/gv_project/initial_raw/final_bins_prot/ERX555976.71.fa.dc.faa	ERX555976.71
ERX555978.20.fa.dc.faa	/home/dmitrii/projects/gv_project/initial_raw/final_bins_prot/ERX555978.20.fa.dc.faa	ERX555978.20
ERX555978.25.fa.dc.faa	/home/dmitrii/projects/gv_project/initial_raw/final_bins_prot/ERX555978.25.fa.dc.faa	ERX555978.25
ERX555978.8.fa.dc.faa	/home/dmitrii/projects/gv_project/initial_raw/final_bins_prot/ERX555978.8.fa.dc.faa	ERX555978.8
ERX555984.23.fa.dc.faa	/home/dmitrii/projects/gv_project/initial_raw/final_bins_prot/ERX555984.23.fa.dc.faa	ERX555984.23
ERX555984.3.fa.dc.faa	/home/dmitrii/projects/gv_project/initial_raw/final_bins_prot/ERX555984.3.fa.dc.faa	ERX555984.3
ERX555987.14.fa.dc.faa	/home/dmitrii/projects/gv_project/initial_raw/final_bins_prot/ERX555987.14.fa.dc.faa	ERX555987.14
ERX555987.28.fa.dc.faa	/home/dmitrii/projects/gv_project/initial_raw/final_bins_prot/ERX555987.28.fa.dc.faa	ERX555987.28
ERX555987.30.fa.dc.faa	/home/dmitrii/projects/gv_project/initial_raw/final_bins_prot/ERX555987.30.fa.dc.faa	ERX555987.30
ERX555988.97.fa.dc.faa	/home/dmitrii/projects/gv_project/initial_raw/final_bins_prot/ERX555988.97.fa.dc.faa	ERX555988.97
ERX555990.11.fa.dc.faa	/home/dmitrii/projects/gv_project/initial_raw/final_bins_prot/ERX555990.11.fa.dc.faa	ERX555990.11
ERX555997.23.fa.dc.faa	/home/dmitrii/projects/gv_project/initial_raw/final_bins_prot/ERX555997.23.fa.dc.faa	ERX555997.23
ERX555997.39.fa.dc.faa	/home/dmitrii/projects/gv_project/initial_raw/final_bins_prot/ERX555997.39.fa.dc.faa	ERX555997.39
ERX555997.4.fa.dc.faa	/home/dmitrii/projects/gv_project/initial_raw/final_bins_prot/ERX555997.4.fa.dc.faa	ERX555997.4
ERX555997.5.fa.dc.faa	/home/dmitrii/projects/gv_project/initial_raw/final_bins_prot/ERX555997.5.fa.dc.faa	ERX555997.5
ERX556003.31.fa.dc.faa	/home/dmitrii/projects/gv_project/initial_raw/final_bins_prot/ERX556003.31.fa.dc.faa	ERX556003.31
ERX556003.45.fa.dc.faa	/home/dmitrii/projects/gv_project/initial_raw/final_bins_prot/ERX556003.45.fa.dc.faa	ERX556003.45
ERX556003.46.fa.dc.faa	/home/dmitrii/projects/gv_project/initial_raw/final_bins_prot/ERX556003.46.fa.dc.faa	ERX556003.46
ERX556003.9.fa.dc.faa	/home/dmitrii/projects/gv_project/initial_raw/final_bins_prot/ERX556003.9.fa.dc.faa	ERX556003.9
ERX556005.35.fa.dc.faa	/home/dmitrii/projects/gv_project/initial_raw/final_bins_prot/ERX556005.35.fa.dc.faa	ERX556005.35
ERX556005.37.fa.dc.faa	/home/dmitrii/projects/gv_project/initial_raw/final_bins_prot/ERX556005.37.fa.dc.faa	ERX556005.37
ERX556005.53.fa.dc.faa	/home/dmitrii/projects/gv_project/initial_raw/final_bins_prot/ERX556005.53.fa.dc.faa	ERX556005.53
ERX556005.59.fa.dc.faa	/home/dmitrii/projects/gv_project/initial_raw/final_bins_prot/ERX556005.59.fa.dc.faa	ERX556005.59
ERX556007.6.fa.dc.faa	/home/dmitrii/projects/gv_project/initial_raw/final_bins_prot/ERX556007.6.fa.dc.faa	ERX556007.6
ERX556009.10.fa.dc.faa	/home/dmitrii/projects/gv_project/initial_raw/final_bins_prot/ERX556009.10.fa.dc.faa	ERX556009.10
ERX556009.6.fa.dc.faa	/home/dmitrii/projects/gv_project/initial_raw/final_bins_prot/ERX556009.6.fa.dc.faa	ERX556009.6
ERX556009.7.fa.dc.faa	/home/dmitrii/projects/gv_project/initial_raw/final_bins_prot/ERX556009.7.fa.dc.faa	ERX556009.7
ERX556015.14.fa.dc.faa	/home/dmitrii/projects/gv_project/initial_raw/final_bins_prot/ERX556015.14.fa.dc.faa	ERX556015.14
ERX556017.11.fa.dc.faa	/home/dmitrii/projects/gv_project/initial_raw/final_bins_prot/ERX556017.11.fa.dc.faa	ERX556017.11
ERX556017.61.fa.dc.faa	/home/dmitrii/projects/gv_project/initial_raw/final_bins_prot/ERX556017.61.fa.dc.faa	ERX556017.61
ERX556019.13.fa.dc.faa	/home/dmitrii/projects/gv_project/initial_raw/final_bins_prot/ERX556019.13.fa.dc.faa	ERX556019.13
ERX556019.45.fa.dc.faa	/home/dmitrii/projects/gv_project/initial_raw/final_bins_prot/ERX556019.45.fa.dc.faa	ERX556019.45
ERX556022.14.fa.dc.faa	/home/dmitrii/projects/gv_project/initial_raw/final_bins_prot/ERX556022.14.fa.dc.faa	ERX556022.14
ERX556022.4.fa.dc.faa	/home/dmitrii/projects/gv_project/initial_raw/final_bins_prot/ERX556022.4.fa.dc.faa	ERX556022.4
ERX556023.2.fa.dc.faa	/home/dmitrii/projects/gv_project/initial_raw/final_bins_prot/ERX556023.2.fa.dc.faa	ERX556023.2
ERX556028.57.fa.dc.faa	/home/dmitrii/projects/gv_project/initial_raw/final_bins_prot/ERX556028.57.fa.dc.faa	ERX556028.57
ERX556028.70.fa.dc.faa	/home/dmitrii/projects/gv_project/initial_raw/final_bins_prot/ERX556028.70.fa.dc.faa	ERX556028.70
ERX556031.10.fa.dc.faa	/home/dmitrii/projects/gv_project/initial_raw/final_bins_prot/ERX556031.10.fa.dc.faa	ERX556031.10
ERX556031.42.fa.dc.faa	/home/dmitrii/projects/gv_project/initial_raw/final_bins_prot/ERX556031.42.fa.dc.faa	ERX556031.42
ERX556032.62.fa.dc.faa	/home/dmitrii/projects/gv_project/initial_raw/final_bins_prot/ERX556032.62.fa.dc.faa	ERX556032.62
ERX556034.16.fa.dc.faa	/home/dmitrii/projects/gv_project/initial_raw/final_bins_prot/ERX556034.16.fa.dc.faa	ERX556034.16
ERX556034.38.fa.dc.faa	/home/dmitrii/projects/gv_project/initial_raw/final_bins_prot/ERX556034.38.fa.dc.faa	ERX556034.38
ERX556034.40.fa.dc.faa	/home/dmitrii/projects/gv_project/initial_raw/final_bins_prot/ERX556034.40.fa.dc.faa	ERX556034.40
ERX556034.5.fa.dc.faa	/home/dmitrii/projects/gv_project/initial_raw/final_bins_prot/ERX556034.5.fa.dc.faa	ERX556034.5
ERX556035.15.fa.dc.faa	/home/dmitrii/projects/gv_project/initial_raw/final_bins_prot/ERX556035.15.fa.dc.faa	ERX556035.15
ERX556037.11.fa.dc.faa	/home/dmitrii/projects/gv_project/initial_raw/final_bins_prot/ERX556037.11.fa.dc.faa	ERX556037.11
ERX556037.19.fa.dc.faa	/home/dmitrii/projects/gv_project/initial_raw/final_bins_prot/ERX556037.19.fa.dc.faa	ERX556037.19
ERX556037.23.fa.dc.faa	/home/dmitrii/projects/gv_project/initial_raw/final_bins_prot/ERX556037.23.fa.dc.faa	ERX556037.23
ERX556037.25.fa.dc.faa	/home/dmitrii/projects/gv_project/initial_raw/final_bins_prot/ERX556037.25.fa.dc.faa	ERX556037.25
ERX556037.7.fa.dc.faa	/home/dmitrii/projects/gv_project/initial_raw/final_bins_prot/ERX556037.7.fa.dc.faa	ERX556037.7
ERX556040.45.fa.dc.faa	/home/dmitrii/projects/gv_project/initial_raw/final_bins_prot/ERX556040.45.fa.dc.faa	ERX556040.45
ERX556040.51.fa.dc.faa	/home/dmitrii/projects/gv_project/initial_raw/final_bins_prot/ERX556040.51.fa.dc.faa	ERX556040.51
ERX556043.42.fa.dc.faa	/home/dmitrii/projects/gv_project/initial_raw/final_bins_prot/ERX556043.42.fa.dc.faa	ERX556043.42
ERX556045.12.fa.dc.faa	/home/dmitrii/projects/gv_project/initial_raw/final_bins_prot/ERX556045.12.fa.dc.faa	ERX556045.12
ERX556049.12.fa.dc.faa	/home/dmitrii/projects/gv_project/initial_raw/final_bins_prot/ERX556049.12.fa.dc.faa	ERX556049.12
ERX556054.14.fa.dc.faa	/home/dmitrii/projects/gv_project/initial_raw/final_bins_prot/ERX556054.14.fa.dc.faa	ERX556054.14
ERX556054.16.fa.dc.faa	/home/dmitrii/projects/gv_project/initial_raw/final_bins_prot/ERX556054.16.fa.dc.faa	ERX556054.16
ERX556054.25.fa.dc.faa	/home/dmitrii/projects/gv_project/initial_raw/final_bins_prot/ERX556054.25.fa.dc.faa	ERX556054.25
ERX556058.18.fa.dc.faa	/home/dmitrii/projects/gv_project/initial_raw/final_bins_prot/ERX556058.18.fa.dc.faa	ERX556058.18
ERX556058.46.fa.dc.faa	/home/dmitrii/projects/gv_project/initial_raw/final_bins_prot/ERX556058.46.fa.dc.faa	ERX556058.46
ERX556059.13.fa.dc.faa	/home/dmitrii/projects/gv_project/initial_raw/final_bins_prot/ERX556059.13.fa.dc.faa	ERX556059.13
ERX556059.2.fa.dc.faa	/home/dmitrii/projects/gv_project/initial_raw/final_bins_prot/ERX556059.2.fa.dc.faa	ERX556059.2
ERX556059.41.fa.dc.faa	/home/dmitrii/projects/gv_project/initial_raw/final_bins_prot/ERX556059.41.fa.dc.faa	ERX556059.41
ERX556059.7.fa.dc.faa	/home/dmitrii/projects/gv_project/initial_raw/final_bins_prot/ERX556059.7.fa.dc.faa	ERX556059.7
ERX556060.39.fa.dc.faa	/home/dmitrii/projects/gv_project/initial_raw/final_bins_prot/ERX556060.39.fa.dc.faa	ERX556060.39
ERX556063.22.fa.dc.faa	/home/dmitrii/projects/gv_project/initial_raw/final_bins_prot/ERX556063.22.fa.dc.faa	ERX556063.22
ERX556068.30.fa.dc.faa	/home/dmitrii/projects/gv_project/initial_raw/final_bins_prot/ERX556068.30.fa.dc.faa	ERX556068.30
ERX556075.42.fa.dc.faa	/home/dmitrii/projects/gv_project/initial_raw/final_bins_prot/ERX556075.42.fa.dc.faa	ERX556075.42
ERX556088.18.fa.dc.faa	/home/dmitrii/projects/gv_project/initial_raw/final_bins_prot/ERX556088.18.fa.dc.faa	ERX556088.18
ERX556088.21.fa.dc.faa	/home/dmitrii/projects/gv_project/initial_raw/final_bins_prot/ERX556088.21.fa.dc.faa	ERX556088.21
ERX556091.17.fa.dc.faa	/home/dmitrii/projects/gv_project/initial_raw/final_bins_prot/ERX556091.17.fa.dc.faa	ERX556091.17
ERX556091.18.fa.dc.faa	/home/dmitrii/projects/gv_project/initial_raw/final_bins_prot/ERX556091.18.fa.dc.faa	ERX556091.18
ERX556091.9.fa.dc.faa	/home/dmitrii/projects/gv_project/initial_raw/final_bins_prot/ERX556091.9.fa.dc.faa	ERX556091.9
ERX556094.26.fa.dc.faa	/home/dmitrii/projects/gv_project/initial_raw/final_bins_prot/ERX556094.26.fa.dc.faa	ERX556094.26
ERX556094.31.fa.dc.faa	/home/dmitrii/projects/gv_project/initial_raw/final_bins_prot/ERX556094.31.fa.dc.faa	ERX556094.31
ERX556094.51.fa.dc.faa	/home/dmitrii/projects/gv_project/initial_raw/final_bins_prot/ERX556094.51.fa.dc.faa	ERX556094.51
ERX556101.13.fa.dc.faa	/home/dmitrii/projects/gv_project/initial_raw/final_bins_prot/ERX556101.13.fa.dc.faa	ERX556101.13
ERX556101.28.fa.dc.faa	/home/dmitrii/projects/gv_project/initial_raw/final_bins_prot/ERX556101.28.fa.dc.faa	ERX556101.28
ERX556101.60.fa.dc.faa	/home/dmitrii/projects/gv_project/initial_raw/final_bins_prot/ERX556101.60.fa.dc.faa	ERX556101.60
ERX556101.9.fa.dc.faa	/home/dmitrii/projects/gv_project/initial_raw/final_bins_prot/ERX556101.9.fa.dc.faa	ERX556101.9
ERX556103.23.fa.dc.faa	/home/dmitrii/projects/gv_project/initial_raw/final_bins_prot/ERX556103.23.fa.dc.faa	ERX556103.23
ERX556106.20.fa.dc.faa	/home/dmitrii/projects/gv_project/initial_raw/final_bins_prot/ERX556106.20.fa.dc.faa	ERX556106.20
ERX556119.13.fa.dc.faa	/home/dmitrii/projects/gv_project/initial_raw/final_bins_prot/ERX556119.13.fa.dc.faa	ERX556119.13
ERX556119.17.fa.dc.faa	/home/dmitrii/projects/gv_project/initial_raw/final_bins_prot/ERX556119.17.fa.dc.faa	ERX556119.17
ERX556121.51.fa.dc.faa	/home/dmitrii/projects/gv_project/initial_raw/final_bins_prot/ERX556121.51.fa.dc.faa	ERX556121.51
ERX556126.22.fa.dc.faa	/home/dmitrii/projects/gv_project/initial_raw/final_bins_prot/ERX556126.22.fa.dc.faa	ERX556126.22
ERX556126.36.fa.dc.faa	/home/dmitrii/projects/gv_project/initial_raw/final_bins_prot/ERX556126.36.fa.dc.faa	ERX556126.36
ERX556127.13.fa.dc.faa	/home/dmitrii/projects/gv_project/initial_raw/final_bins_prot/ERX556127.13.fa.dc.faa	ERX556127.13
ERX556127.29.fa.dc.faa	/home/dmitrii/projects/gv_project/initial_raw/final_bins_prot/ERX556127.29.fa.dc.faa	ERX556127.29
ERX556127.7.fa.dc.faa	/home/dmitrii/projects/gv_project/initial_raw/final_bins_prot/ERX556127.7.fa.dc.faa	ERX556127.7
ERX556127.9.fa.dc.faa	/home/dmitrii/projects/gv_project/initial_raw/final_bins_prot/ERX556127.9.fa.dc.faa	ERX556127.9
ERX556133.24.fa.dc.faa	/home/dmitrii/projects/gv_project/initial_raw/final_bins_prot/ERX556133.24.fa.dc.faa	ERX556133.24
ERX556134.17.fa.dc.faa	/home/dmitrii/projects/gv_project/initial_raw/final_bins_prot/ERX556134.17.fa.dc.faa	ERX556134.17
ERX556299.34.fa.dc.faa	/home/dmitrii/projects/gv_project/initial_raw/final_bins_prot/ERX556299.34.fa.dc.faa	ERX556299.34
ERX556315.47.fa.dc.faa	/home/dmitrii/projects/gv_project/initial_raw/final_bins_prot/ERX556315.47.fa.dc.faa	ERX556315.47
ERX556340.12.fa.dc.faa	/home/dmitrii/projects/gv_project/initial_raw/final_bins_prot/ERX556340.12.fa.dc.faa	ERX556340.12
ERX633342.1.fa.dc.faa	/home/dmitrii/projects/gv_project/initial_raw/final_bins_prot/ERX633342.1.fa.dc.faa	ERX633342.1
ERX633345.33.fa.dc.faa	/home/dmitrii/projects/gv_project/initial_raw/final_bins_prot/ERX633345.33.fa.dc.faa	ERX633345.33
ERX633347.12.fa.dc.faa	/home/dmitrii/projects/gv_project/initial_raw/final_bins_prot/ERX633347.12.fa.dc.faa	ERX633347.12
ERX633347.21.fa.dc.faa	/home/dmitrii/projects/gv_project/initial_raw/final_bins_prot/ERX633347.21.fa.dc.faa	ERX633347.21
ERX633347.22.fa.dc.faa	/home/dmitrii/projects/gv_project/initial_raw/final_bins_prot/ERX633347.22.fa.dc.faa	ERX633347.22
ERX633348.16.fa.dc.faa	/home/dmitrii/projects/gv_project/initial_raw/final_bins_prot/ERX633348.16.fa.dc.faa	ERX633348.16
ERX633354.2.fa.dc.faa	/home/dmitrii/projects/gv_project/initial_raw/final_bins_prot/ERX633354.2.fa.dc.faa	ERX633354.2
ERX633354.21.fa.dc.faa	/home/dmitrii/projects/gv_project/initial_raw/final_bins_prot/ERX633354.21.fa.dc.faa	ERX633354.21
ERX633355.15.fa.dc.faa	/home/dmitrii/projects/gv_project/initial_raw/final_bins_prot/ERX633355.15.fa.dc.faa	ERX633355.15
ERX633355.23.fa.dc.faa	/home/dmitrii/projects/gv_project/initial_raw/final_bins_prot/ERX633355.23.fa.dc.faa	ERX633355.23
ERX633356.44.fa.dc.faa	/home/dmitrii/projects/gv_project/initial_raw/final_bins_prot/ERX633356.44.fa.dc.faa	ERX633356.44
ERX633356.9.fa.dc.faa	/home/dmitrii/projects/gv_project/initial_raw/final_bins_prot/ERX633356.9.fa.dc.faa	ERX633356.9
ERX682739.15.fa.dc.faa	/home/dmitrii/projects/gv_project/initial_raw/final_bins_prot/ERX682739.15.fa.dc.faa	ERX682739.15
ERX682739.20.fa.dc.faa	/home/dmitrii/projects/gv_project/initial_raw/final_bins_prot/ERX682739.20.fa.dc.faa	ERX682739.20
ERX943715.2.fa.dc.faa	/home/dmitrii/projects/gv_project/initial_raw/final_bins_prot/ERX943715.2.fa.dc.faa	ERX943715.2
ERX943717.62.fa.dc.faa	/home/dmitrii/projects/gv_project/initial_raw/final_bins_prot/ERX943717.62.fa.dc.faa	ERX943717.62
ERX943717.70.fa.dc.faa	/home/dmitrii/projects/gv_project/initial_raw/final_bins_prot/ERX943717.70.fa.dc.faa	ERX943717.70
ERX943721.3.fa.dc.faa	/home/dmitrii/projects/gv_project/initial_raw/final_bins_prot/ERX943721.3.fa.dc.faa	ERX943721.3
ERX943721.61.fa.dc.faa	/home/dmitrii/projects/gv_project/initial_raw/final_bins_prot/ERX943721.61.fa.dc.faa	ERX943721.61
SRX1113224.1.fa.dc.faa	/home/dmitrii/projects/gv_project/initial_raw/final_bins_prot/SRX1113224.1.fa.dc.faa	SRX1113224.1
SRX211342.63.fa.dc.faa	/home/dmitrii/projects/gv_project/initial_raw/final_bins_prot/SRX211342.63.fa.dc.faa	SRX211342.63
SRX247688.42.fa.dc.faa	/home/dmitrii/projects/gv_project/initial_raw/final_bins_prot/SRX247688.42.fa.dc.faa	SRX247688.42
SRX272783.128.fa.dc.faa	/home/dmitrii/projects/gv_project/initial_raw/final_bins_prot/SRX272783.128.fa.dc.faa	SRX272783.128
SRX310217.15.fa.dc.faa	/home/dmitrii/projects/gv_project/initial_raw/final_bins_prot/SRX310217.15.fa.dc.faa	SRX310217.15
SRX310217.20.fa.dc.faa	/home/dmitrii/projects/gv_project/initial_raw/final_bins_prot/SRX310217.20.fa.dc.faa	SRX310217.20
SRX319064.32.fa.dc.faa	/home/dmitrii/projects/gv_project/initial_raw/final_bins_prot/SRX319064.32.fa.dc.faa	SRX319064.32
SRX319065.14.fa.dc.faa	/home/dmitrii/projects/gv_project/initial_raw/final_bins_prot/SRX319065.14.fa.dc.faa	SRX319065.14
SRX327520.18.fa.dc.faa	/home/dmitrii/projects/gv_project/initial_raw/final_bins_prot/SRX327520.18.fa.dc.faa	SRX327520.18
SRX327520.21.fa.dc.faa	/home/dmitrii/projects/gv_project/initial_raw/final_bins_prot/SRX327520.21.fa.dc.faa	SRX327520.21
SRX327520.258.fa.dc.faa	/home/dmitrii/projects/gv_project/initial_raw/final_bins_prot/SRX327520.258.fa.dc.faa	SRX327520.258
SRX327520.277.fa.dc.faa	/home/dmitrii/projects/gv_project/initial_raw/final_bins_prot/SRX327520.277.fa.dc.faa	SRX327520.277
SRX327520.331.fa.dc.faa	/home/dmitrii/projects/gv_project/initial_raw/final_bins_prot/SRX327520.331.fa.dc.faa	SRX327520.331
SRX327520.39.fa.dc.faa	/home/dmitrii/projects/gv_project/initial_raw/final_bins_prot/SRX327520.39.fa.dc.faa	SRX327520.39
SRX327520.410.fa.dc.faa	/home/dmitrii/projects/gv_project/initial_raw/final_bins_prot/SRX327520.410.fa.dc.faa	SRX327520.410
SRX327520.45.fa.dc.faa	/home/dmitrii/projects/gv_project/initial_raw/final_bins_prot/SRX327520.45.fa.dc.faa	SRX327520.45
SRX327722.204.fa.dc.faa	/home/dmitrii/projects/gv_project/initial_raw/final_bins_prot/SRX327722.204.fa.dc.faa	SRX327722.204
SRX327722.29.fa.dc.faa	/home/dmitrii/projects/gv_project/initial_raw/final_bins_prot/SRX327722.29.fa.dc.faa	SRX327722.29
SRX327722.61.fa.dc.faa	/home/dmitrii/projects/gv_project/initial_raw/final_bins_prot/SRX327722.61.fa.dc.faa	SRX327722.61
SRX330942.33.fa.dc.faa	/home/dmitrii/projects/gv_project/initial_raw/final_bins_prot/SRX330942.33.fa.dc.faa	SRX330942.33
SRX330942.38.fa.dc.faa	/home/dmitrii/projects/gv_project/initial_raw/final_bins_prot/SRX330942.38.fa.dc.faa	SRX330942.38
SRX331703.16.fa.dc.faa	/home/dmitrii/projects/gv_project/initial_raw/final_bins_prot/SRX331703.16.fa.dc.faa	SRX331703.16
SRX331703.17.fa.dc.faa	/home/dmitrii/projects/gv_project/initial_raw/final_bins_prot/SRX331703.17.fa.dc.faa	SRX331703.17
SRX331703.2.fa.dc.faa	/home/dmitrii/projects/gv_project/initial_raw/final_bins_prot/SRX331703.2.fa.dc.faa	SRX331703.2
SRX331703.23.fa.dc.faa	/home/dmitrii/projects/gv_project/initial_raw/final_bins_prot/SRX331703.23.fa.dc.faa	SRX331703.23
SRX331703.27.fa.dc.faa	/home/dmitrii/projects/gv_project/initial_raw/final_bins_prot/SRX331703.27.fa.dc.faa	SRX331703.27
SRX331703.30.fa.dc.faa	/home/dmitrii/projects/gv_project/initial_raw/final_bins_prot/SRX331703.30.fa.dc.faa	SRX331703.30
SRX331703.34.fa.dc.faa	/home/dmitrii/projects/gv_project/initial_raw/final_bins_prot/SRX331703.34.fa.dc.faa	SRX331703.34
SRX331703.39.fa.dc.faa	/home/dmitrii/projects/gv_project/initial_raw/final_bins_prot/SRX331703.39.fa.dc.faa	SRX331703.39
SRX331703.43.fa.dc.faa	/home/dmitrii/projects/gv_project/initial_raw/final_bins_prot/SRX331703.43.fa.dc.faa	SRX331703.43
SRX331703.48.fa.dc.faa	/home/dmitrii/projects/gv_project/initial_raw/final_bins_prot/SRX331703.48.fa.dc.faa	SRX331703.48
SRX331703.51.fa.dc.faa	/home/dmitrii/projects/gv_project/initial_raw/final_bins_prot/SRX331703.51.fa.dc.faa	SRX331703.51
SRX331950.13.fa.dc.faa	/home/dmitrii/projects/gv_project/initial_raw/final_bins_prot/SRX331950.13.fa.dc.faa	SRX331950.13
SRX331950.15.fa.dc.faa	/home/dmitrii/projects/gv_project/initial_raw/final_bins_prot/SRX331950.15.fa.dc.faa	SRX331950.15
SRX331950.24.fa.dc.faa	/home/dmitrii/projects/gv_project/initial_raw/final_bins_prot/SRX331950.24.fa.dc.faa	SRX331950.24
SRX331950.28.fa.dc.faa	/home/dmitrii/projects/gv_project/initial_raw/final_bins_prot/SRX331950.28.fa.dc.faa	SRX331950.28
SRX331950.29.fa.dc.faa	/home/dmitrii/projects/gv_project/initial_raw/final_bins_prot/SRX331950.29.fa.dc.faa	SRX331950.29
SRX331950.30.fa.dc.faa	/home/dmitrii/projects/gv_project/initial_raw/final_bins_prot/SRX331950.30.fa.dc.faa	SRX331950.30
SRX331950.31.fa.dc.faa	/home/dmitrii/projects/gv_project/initial_raw/final_bins_prot/SRX331950.31.fa.dc.faa	SRX331950.31
SRX331950.43.fa.dc.faa	/home/dmitrii/projects/gv_project/initial_raw/final_bins_prot/SRX331950.43.fa.dc.faa	SRX331950.43
SRX331950.48.fa.dc.faa	/home/dmitrii/projects/gv_project/initial_raw/final_bins_prot/SRX331950.48.fa.dc.faa	SRX331950.48
SRX331950.6.fa.dc.faa	/home/dmitrii/projects/gv_project/initial_raw/final_bins_prot/SRX331950.6.fa.dc.faa	SRX331950.6
SRX331950.8.fa.dc.faa	/home/dmitrii/projects/gv_project/initial_raw/final_bins_prot/SRX331950.8.fa.dc.faa	SRX331950.8
SRX331965.10.fa.dc.faa	/home/dmitrii/projects/gv_project/initial_raw/final_bins_prot/SRX331965.10.fa.dc.faa	SRX331965.10
SRX331965.24.fa.dc.faa	/home/dmitrii/projects/gv_project/initial_raw/final_bins_prot/SRX331965.24.fa.dc.faa	SRX331965.24
SRX331965.39.fa.dc.faa	/home/dmitrii/projects/gv_project/initial_raw/final_bins_prot/SRX331965.39.fa.dc.faa	SRX331965.39
SRX331965.9.fa.dc.faa	/home/dmitrii/projects/gv_project/initial_raw/final_bins_prot/SRX331965.9.fa.dc.faa	SRX331965.9
SRX474032.22.fa.dc.faa	/home/dmitrii/projects/gv_project/initial_raw/final_bins_prot/SRX474032.22.fa.dc.faa	SRX474032.22
SRX474032.80.fa.dc.faa	/home/dmitrii/projects/gv_project/initial_raw/final_bins_prot/SRX474032.80.fa.dc.faa	SRX474032.80
SRX514547.24.fa.dc.faa	/home/dmitrii/projects/gv_project/initial_raw/final_bins_prot/SRX514547.24.fa.dc.faa	SRX514547.24
SRX514547.36.fa.dc.faa	/home/dmitrii/projects/gv_project/initial_raw/final_bins_prot/SRX514547.36.fa.dc.faa	SRX514547.36
SRX514547.41.fa.dc.faa	/home/dmitrii/projects/gv_project/initial_raw/final_bins_prot/SRX514547.41.fa.dc.faa	SRX514547.41
SRX559898.27.fa.dc.faa	/home/dmitrii/projects/gv_project/initial_raw/final_bins_prot/SRX559898.27.fa.dc.faa	SRX559898.27
SRX559902.76.fa.dc.faa	/home/dmitrii/projects/gv_project/initial_raw/final_bins_prot/SRX559902.76.fa.dc.faa	SRX559902.76
SRX672316.10.fa.dc.faa	/home/dmitrii/projects/gv_project/initial_raw/final_bins_prot/SRX672316.10.fa.dc.faa	SRX672316.10
SRX696246.4.fa.dc.faa	/home/dmitrii/projects/gv_project/initial_raw/final_bins_prot/SRX696246.4.fa.dc.faa	SRX696246.4
SRX802073.108.fa.dc.faa	/home/dmitrii/projects/gv_project/initial_raw/final_bins_prot/SRX802073.108.fa.dc.faa	SRX802073.108
SRX802073.110.fa.dc.faa	/home/dmitrii/projects/gv_project/initial_raw/final_bins_prot/SRX802073.110.fa.dc.faa	SRX802073.110
SRX802073.118.fa.dc.faa	/home/dmitrii/projects/gv_project/initial_raw/final_bins_prot/SRX802073.118.fa.dc.faa	SRX802073.118
SRX802073.13.fa.dc.faa	/home/dmitrii/projects/gv_project/initial_raw/final_bins_prot/SRX802073.13.fa.dc.faa	SRX802073.13
SRX802073.139.fa.dc.faa	/home/dmitrii/projects/gv_project/initial_raw/final_bins_prot/SRX802073.139.fa.dc.faa	SRX802073.139
SRX802073.18.fa.dc.faa	/home/dmitrii/projects/gv_project/initial_raw/final_bins_prot/SRX802073.18.fa.dc.faa	SRX802073.18
SRX802073.23.fa.dc.faa	/home/dmitrii/projects/gv_project/initial_raw/final_bins_prot/SRX802073.23.fa.dc.faa	SRX802073.23
SRX802073.24.fa.dc.faa	/home/dmitrii/projects/gv_project/initial_raw/final_bins_prot/SRX802073.24.fa.dc.faa	SRX802073.24
SRX802073.32.fa.dc.faa	/home/dmitrii/projects/gv_project/initial_raw/final_bins_prot/SRX802073.32.fa.dc.faa	SRX802073.32
SRX802073.50.fa.dc.faa	/home/dmitrii/projects/gv_project/initial_raw/final_bins_prot/SRX802073.50.fa.dc.faa	SRX802073.50
SRX802073.53.fa.dc.faa	/home/dmitrii/projects/gv_project/initial_raw/final_bins_prot/SRX802073.53.fa.dc.faa	SRX802073.53
SRX802073.61.fa.dc.faa	/home/dmitrii/projects/gv_project/initial_raw/final_bins_prot/SRX802073.61.fa.dc.faa	SRX802073.61
SRX802073.62.fa.dc.faa	/home/dmitrii/projects/gv_project/initial_raw/final_bins_prot/SRX802073.62.fa.dc.faa	SRX802073.62
SRX802073.68.fa.dc.faa	/home/dmitrii/projects/gv_project/initial_raw/final_bins_prot/SRX802073.68.fa.dc.faa	SRX802073.68
SRX802073.70.fa.dc.faa	/home/dmitrii/projects/gv_project/initial_raw/final_bins_prot/SRX802073.70.fa.dc.faa	SRX802073.70
SRX802073.74.fa.dc.faa	/home/dmitrii/projects/gv_project/initial_raw/final_bins_prot/SRX802073.74.fa.dc.faa	SRX802073.74
SRX802073.99.fa.dc.faa	/home/dmitrii/projects/gv_project/initial_raw/final_bins_prot/SRX802073.99.fa.dc.faa	SRX802073.99
SRX802074.38.fa.dc.faa	/home/dmitrii/projects/gv_project/initial_raw/final_bins_prot/SRX802074.38.fa.dc.faa	SRX802074.38
SRX802074.42.fa.dc.faa	/home/dmitrii/projects/gv_project/initial_raw/final_bins_prot/SRX802074.42.fa.dc.faa	SRX802074.42
SRX802074.61.fa.dc.faa	/home/dmitrii/projects/gv_project/initial_raw/final_bins_prot/SRX802074.61.fa.dc.faa	SRX802074.61
SRX802074.80.fa.dc.faa	/home/dmitrii/projects/gv_project/initial_raw/final_bins_prot/SRX802074.80.fa.dc.faa	SRX802074.80
SRX802075.4.fa.dc.faa	/home/dmitrii/projects/gv_project/initial_raw/final_bins_prot/SRX802075.4.fa.dc.faa	SRX802075.4
SRX802076.27.fa.dc.faa	/home/dmitrii/projects/gv_project/initial_raw/final_bins_prot/SRX802076.27.fa.dc.faa	SRX802076.27
SRX802076.42.fa.dc.faa	/home/dmitrii/projects/gv_project/initial_raw/final_bins_prot/SRX802076.42.fa.dc.faa	SRX802076.42
SRX802076.48.fa.dc.faa	/home/dmitrii/projects/gv_project/initial_raw/final_bins_prot/SRX802076.48.fa.dc.faa	SRX802076.48
SRX802076.50.fa.dc.faa	/home/dmitrii/projects/gv_project/initial_raw/final_bins_prot/SRX802076.50.fa.dc.faa	SRX802076.50
SRX802076.62.fa.dc.faa	/home/dmitrii/projects/gv_project/initial_raw/final_bins_prot/SRX802076.62.fa.dc.faa	SRX802076.62
SRX802076.68.fa.dc.faa	/home/dmitrii/projects/gv_project/initial_raw/final_bins_prot/SRX802076.68.fa.dc.faa	SRX802076.68
SRX802077.111.fa.dc.faa	/home/dmitrii/projects/gv_project/initial_raw/final_bins_prot/SRX802077.111.fa.dc.faa	SRX802077.111
SRX802077.116.fa.dc.faa	/home/dmitrii/projects/gv_project/initial_raw/final_bins_prot/SRX802077.116.fa.dc.faa	SRX802077.116
SRX802077.118.fa.dc.faa	/home/dmitrii/projects/gv_project/initial_raw/final_bins_prot/SRX802077.118.fa.dc.faa	SRX802077.118
SRX802077.119.fa.dc.faa	/home/dmitrii/projects/gv_project/initial_raw/final_bins_prot/SRX802077.119.fa.dc.faa	SRX802077.119
SRX802077.122.fa.dc.faa	/home/dmitrii/projects/gv_project/initial_raw/final_bins_prot/SRX802077.122.fa.dc.faa	SRX802077.122
SRX802077.138.fa.dc.faa	/home/dmitrii/projects/gv_project/initial_raw/final_bins_prot/SRX802077.138.fa.dc.faa	SRX802077.138
SRX802077.154.fa.dc.faa	/home/dmitrii/projects/gv_project/initial_raw/final_bins_prot/SRX802077.154.fa.dc.faa	SRX802077.154
SRX802077.162.fa.dc.faa	/home/dmitrii/projects/gv_project/initial_raw/final_bins_prot/SRX802077.162.fa.dc.faa	SRX802077.162
SRX802077.163.fa.dc.faa	/home/dmitrii/projects/gv_project/initial_raw/final_bins_prot/SRX802077.163.fa.dc.faa	SRX802077.163
SRX802077.164.fa.dc.faa	/home/dmitrii/projects/gv_project/initial_raw/final_bins_prot/SRX802077.164.fa.dc.faa	SRX802077.164
SRX802077.20.fa.dc.faa	/home/dmitrii/projects/gv_project/initial_raw/final_bins_prot/SRX802077.20.fa.dc.faa	SRX802077.20
SRX802077.35.fa.dc.faa	/home/dmitrii/projects/gv_project/initial_raw/final_bins_prot/SRX802077.35.fa.dc.faa	SRX802077.35
SRX802077.72.fa.dc.faa	/home/dmitrii/projects/gv_project/initial_raw/final_bins_prot/SRX802077.72.fa.dc.faa	SRX802077.72
SRX802077.79.fa.dc.faa	/home/dmitrii/projects/gv_project/initial_raw/final_bins_prot/SRX802077.79.fa.dc.faa	SRX802077.79
SRX802077.84.fa.dc.faa	/home/dmitrii/projects/gv_project/initial_raw/final_bins_prot/SRX802077.84.fa.dc.faa	SRX802077.84
SRX802077.94.fa.dc.faa	/home/dmitrii/projects/gv_project/initial_raw/final_bins_prot/SRX802077.94.fa.dc.faa	SRX802077.94
SRX802143.100.fa.dc.faa	/home/dmitrii/projects/gv_project/initial_raw/final_bins_prot/SRX802143.100.fa.dc.faa	SRX802143.100
SRX802143.113.fa.dc.faa	/home/dmitrii/projects/gv_project/initial_raw/final_bins_prot/SRX802143.113.fa.dc.faa	SRX802143.113
SRX802143.125.fa.dc.faa	/home/dmitrii/projects/gv_project/initial_raw/final_bins_prot/SRX802143.125.fa.dc.faa	SRX802143.125
SRX802143.131.fa.dc.faa	/home/dmitrii/projects/gv_project/initial_raw/final_bins_prot/SRX802143.131.fa.dc.faa	SRX802143.131
SRX802143.26.fa.dc.faa	/home/dmitrii/projects/gv_project/initial_raw/final_bins_prot/SRX802143.26.fa.dc.faa	SRX802143.26
SRX802143.45.fa.dc.faa	/home/dmitrii/projects/gv_project/initial_raw/final_bins_prot/SRX802143.45.fa.dc.faa	SRX802143.45
SRX802143.48.fa.dc.faa	/home/dmitrii/projects/gv_project/initial_raw/final_bins_prot/SRX802143.48.fa.dc.faa	SRX802143.48
SRX802143.55.fa.dc.faa	/home/dmitrii/projects/gv_project/initial_raw/final_bins_prot/SRX802143.55.fa.dc.faa	SRX802143.55
SRX802143.64.fa.dc.faa	/home/dmitrii/projects/gv_project/initial_raw/final_bins_prot/SRX802143.64.fa.dc.faa	SRX802143.64
SRX802143.75.fa.dc.faa	/home/dmitrii/projects/gv_project/initial_raw/final_bins_prot/SRX802143.75.fa.dc.faa	SRX802143.75
SRX802143.8.fa.dc.faa	/home/dmitrii/projects/gv_project/initial_raw/final_bins_prot/SRX802143.8.fa.dc.faa	SRX802143.8
SRX802143.81.fa.dc.faa	/home/dmitrii/projects/gv_project/initial_raw/final_bins_prot/SRX802143.81.fa.dc.faa	SRX802143.81
SRX802189.102.fa.dc.faa	/home/dmitrii/projects/gv_project/initial_raw/final_bins_prot/SRX802189.102.fa.dc.faa	SRX802189.102
SRX802189.15.fa.dc.faa	/home/dmitrii/projects/gv_project/initial_raw/final_bins_prot/SRX802189.15.fa.dc.faa	SRX802189.15
SRX802189.37.fa.dc.faa	/home/dmitrii/projects/gv_project/initial_raw/final_bins_prot/SRX802189.37.fa.dc.faa	SRX802189.37
SRX802189.59.fa.dc.faa	/home/dmitrii/projects/gv_project/initial_raw/final_bins_prot/SRX802189.59.fa.dc.faa	SRX802189.59
SRX802189.61.fa.dc.faa	/home/dmitrii/projects/gv_project/initial_raw/final_bins_prot/SRX802189.61.fa.dc.faa	SRX802189.61
SRX802189.83.fa.dc.faa	/home/dmitrii/projects/gv_project/initial_raw/final_bins_prot/SRX802189.83.fa.dc.faa	SRX802189.83
SRX802189.96.fa.dc.faa	/home/dmitrii/projects/gv_project/initial_raw/final_bins_prot/SRX802189.96.fa.dc.faa	SRX802189.96
SRX802202.1.fa.dc.faa	/home/dmitrii/projects/gv_project/initial_raw/final_bins_prot/SRX802202.1.fa.dc.faa	SRX802202.1
SRX802202.129.fa.dc.faa	/home/dmitrii/projects/gv_project/initial_raw/final_bins_prot/SRX802202.129.fa.dc.faa	SRX802202.129
SRX802202.132.fa.dc.faa	/home/dmitrii/projects/gv_project/initial_raw/final_bins_prot/SRX802202.132.fa.dc.faa	SRX802202.132
SRX802202.135.fa.dc.faa	/home/dmitrii/projects/gv_project/initial_raw/final_bins_prot/SRX802202.135.fa.dc.faa	SRX802202.135
SRX802202.141.fa.dc.faa	/home/dmitrii/projects/gv_project/initial_raw/final_bins_prot/SRX802202.141.fa.dc.faa	SRX802202.141
SRX802202.149.fa.dc.faa	/home/dmitrii/projects/gv_project/initial_raw/final_bins_prot/SRX802202.149.fa.dc.faa	SRX802202.149
SRX802202.24.fa.dc.faa	/home/dmitrii/projects/gv_project/initial_raw/final_bins_prot/SRX802202.24.fa.dc.faa	SRX802202.24
SRX802202.32.fa.dc.faa	/home/dmitrii/projects/gv_project/initial_raw/final_bins_prot/SRX802202.32.fa.dc.faa	SRX802202.32
SRX802202.37.fa.dc.faa	/home/dmitrii/projects/gv_project/initial_raw/final_bins_prot/SRX802202.37.fa.dc.faa	SRX802202.37
SRX802202.41.fa.dc.faa	/home/dmitrii/projects/gv_project/initial_raw/final_bins_prot/SRX802202.41.fa.dc.faa	SRX802202.41
SRX802202.55.fa.dc.faa	/home/dmitrii/projects/gv_project/initial_raw/final_bins_prot/SRX802202.55.fa.dc.faa	SRX802202.55
SRX802202.63.fa.dc.faa	/home/dmitrii/projects/gv_project/initial_raw/final_bins_prot/SRX802202.63.fa.dc.faa	SRX802202.63
SRX802202.64.fa.dc.faa	/home/dmitrii/projects/gv_project/initial_raw/final_bins_prot/SRX802202.64.fa.dc.faa	SRX802202.64
SRX802202.7.fa.dc.faa	/home/dmitrii/projects/gv_project/initial_raw/final_bins_prot/SRX802202.7.fa.dc.faa	SRX802202.7
SRX802202.75.fa.dc.faa	/home/dmitrii/projects/gv_project/initial_raw/final_bins_prot/SRX802202.75.fa.dc.faa	SRX802202.75
SRX802202.77.fa.dc.faa	/home/dmitrii/projects/gv_project/initial_raw/final_bins_prot/SRX802202.77.fa.dc.faa	SRX802202.77
SRX802963.105.fa.dc.faa	/home/dmitrii/projects/gv_project/initial_raw/final_bins_prot/SRX802963.105.fa.dc.faa	SRX802963.105
SRX802963.107.fa.dc.faa	/home/dmitrii/projects/gv_project/initial_raw/final_bins_prot/SRX802963.107.fa.dc.faa	SRX802963.107
SRX802963.109.fa.dc.faa	/home/dmitrii/projects/gv_project/initial_raw/final_bins_prot/SRX802963.109.fa.dc.faa	SRX802963.109
SRX802963.116.fa.dc.faa	/home/dmitrii/projects/gv_project/initial_raw/final_bins_prot/SRX802963.116.fa.dc.faa	SRX802963.116
SRX802963.30.fa.dc.faa	/home/dmitrii/projects/gv_project/initial_raw/final_bins_prot/SRX802963.30.fa.dc.faa	SRX802963.30
SRX802963.33.fa.dc.faa	/home/dmitrii/projects/gv_project/initial_raw/final_bins_prot/SRX802963.33.fa.dc.faa	SRX802963.33
SRX802963.50.fa.dc.faa	/home/dmitrii/projects/gv_project/initial_raw/final_bins_prot/SRX802963.50.fa.dc.faa	SRX802963.50
SRX802963.53.fa.dc.faa	/home/dmitrii/projects/gv_project/initial_raw/final_bins_prot/SRX802963.53.fa.dc.faa	SRX802963.53
SRX802963.76.fa.dc.faa	/home/dmitrii/projects/gv_project/initial_raw/final_bins_prot/SRX802963.76.fa.dc.faa	SRX802963.76
SRX802982.1.fa.dc.faa	/home/dmitrii/projects/gv_project/initial_raw/final_bins_prot/SRX802982.1.fa.dc.faa	SRX802982.1
SRX803008.112.fa.dc.faa	/home/dmitrii/projects/gv_project/initial_raw/final_bins_prot/SRX803008.112.fa.dc.faa	SRX803008.112
SRX803008.123.fa.dc.faa	/home/dmitrii/projects/gv_project/initial_raw/final_bins_prot/SRX803008.123.fa.dc.faa	SRX803008.123
SRX803008.24.fa.dc.faa	/home/dmitrii/projects/gv_project/initial_raw/final_bins_prot/SRX803008.24.fa.dc.faa	SRX803008.24
SRX803008.7.fa.dc.faa	/home/dmitrii/projects/gv_project/initial_raw/final_bins_prot/SRX803008.7.fa.dc.faa	SRX803008.7
SRX803008.74.fa.dc.faa	/home/dmitrii/projects/gv_project/initial_raw/final_bins_prot/SRX803008.74.fa.dc.faa	SRX803008.74
SRX803008.78.fa.dc.faa	/home/dmitrii/projects/gv_project/initial_raw/final_bins_prot/SRX803008.78.fa.dc.faa	SRX803008.78
SRX803008.97.fa.dc.faa	/home/dmitrii/projects/gv_project/initial_raw/final_bins_prot/SRX803008.97.fa.dc.faa	SRX803008.97
SRX871251.15.fa.dc.faa	/home/dmitrii/projects/gv_project/initial_raw/final_bins_prot/SRX871251.15.fa.dc.faa	SRX871251.15
